INSERT INTO dbo.ClaimTypes values 
('a8228559-11be-4d9a-9544-8241f2ec59c1','CT1'),
('c6f007f8-2d30-49a0-a248-add219f4748d','CT2'),
('64432c8e-8cc3-4365-a8f5-e4dc925c42fd','CT3'),
('914d1a66-0ee7-45f6-ab77-19c928c5a426','CT4'),
('01289643-bba0-48d0-b34c-c69b466be7ec','CT5')

INSERT INTO dbo.ComplaintCategories values 
('a8228559-11be-4d9a-9544-8241f2ec59c1','CC1'),
('c6f007f8-2d30-49a0-a248-add219f4748d','CC2'),
('64432c8e-8cc3-4365-a8f5-e4dc925c42fd','CC3'),
('914d1a66-0ee7-45f6-ab77-19c928c5a426','CC4'),
('01289643-bba0-48d0-b34c-c69b466be7ec','CC5')

INSERT INTO dbo.ComplaintNatures values 
('a8228559-11be-4d9a-9544-8241f2ec59c1','CN1'),
('c6f007f8-2d30-49a0-a248-add219f4748d','CN2'),
('64432c8e-8cc3-4365-a8f5-e4dc925c42fd','CN3'),
('914d1a66-0ee7-45f6-ab77-19c928c5a426','CN4'),
('01289643-bba0-48d0-b34c-c69b466be7ec','CN5')

INSERT INTO dbo.ComplaintTypes values 
('a8228559-11be-4d9a-9544-8241f2ec59c1','CT1'),
('c6f007f8-2d30-49a0-a248-add219f4748d','CT2'),
('64432c8e-8cc3-4365-a8f5-e4dc925c42fd','CT3'),
('914d1a66-0ee7-45f6-ab77-19c928c5a426','CT4'),
('01289643-bba0-48d0-b34c-c69b466be7ec','CT5')

INSERT INTO dbo.Concerns values 
('a8228559-11be-4d9a-9544-8241f2ec59c1','C1'),
('c6f007f8-2d30-49a0-a248-add219f4748d','C2'),
('64432c8e-8cc3-4365-a8f5-e4dc925c42fd','C3'),
('914d1a66-0ee7-45f6-ab77-19c928c5a426','C4'),
('01289643-bba0-48d0-b34c-c69b466be7ec','C5')

INSERT INTO dbo.ContractTypes values 
('a8228559-11be-4d9a-9544-8241f2ec59c1','CT1'),
('c6f007f8-2d30-49a0-a248-add219f4748d','CT2'),
('64432c8e-8cc3-4365-a8f5-e4dc925c42fd','CT3'),
('914d1a66-0ee7-45f6-ab77-19c928c5a426','CT4'),
('01289643-bba0-48d0-b34c-c69b466be7ec','CT5')

INSERT INTO dbo.Countries values 
('a8228559-11be-4d9a-9544-8241f2ec59c1','Nepal'),
('c6f007f8-2d30-49a0-a248-add219f4748d','India'),
('64432c8e-8cc3-4365-a8f5-e4dc925c42fd','China'),
('914d1a66-0ee7-45f6-ab77-19c928c5a426','Pakistan'),
('01289643-bba0-48d0-b34c-c69b466be7ec','Bhutan')

INSERT INTO dbo.Courts values 
('a8228559-11be-4d9a-9544-8241f2ec59c1','Ktm Court'),
('c6f007f8-2d30-49a0-a248-add219f4748d','Court Bern Court'),
('64432c8e-8cc3-4365-a8f5-e4dc925c42fd','Supreme Court'),
('914d1a66-0ee7-45f6-ab77-19c928c5a426','District Court'),
('01289643-bba0-48d0-b34c-c69b466be7ec','High Court')

INSERT INTO dbo.FinancialPrgorams values 
('a8228559-11be-4d9a-9544-8241f2ec59c1','FP1'),
('c6f007f8-2d30-49a0-a248-add219f4748d','FP2'),
('64432c8e-8cc3-4365-a8f5-e4dc925c42fd','FP3'),
('914d1a66-0ee7-45f6-ab77-19c928c5a426','FP4'),
('01289643-bba0-48d0-b34c-c69b466be7ec','FP5')

INSERT INTO dbo.LicenseCertificateTypes values 
('a8228559-11be-4d9a-9544-8241f2ec59c1','LCT1'),
('c6f007f8-2d30-49a0-a248-add219f4748d','LCT2'),
('64432c8e-8cc3-4365-a8f5-e4dc925c42fd','LCT3'),
('914d1a66-0ee7-45f6-ab77-19c928c5a426','LCT4'),
('01289643-bba0-48d0-b34c-c69b466be7ec','LCT5')

INSERT INTO dbo.PaymentMethods values 
('a8228559-11be-4d9a-9544-8241f2ec59c1','Cash'),
('c6f007f8-2d30-49a0-a248-add219f4748d','Credit'),
('64432c8e-8cc3-4365-a8f5-e4dc925c42fd','Cheque'),
('914d1a66-0ee7-45f6-ab77-19c928c5a426','Bitcoin'),
('01289643-bba0-48d0-b34c-c69b466be7ec','Crypto')

INSERT INTO dbo.PropertyTypes values 
('a8228559-11be-4d9a-9544-8241f2ec59c1','PT1'),
('c6f007f8-2d30-49a0-a248-add219f4748d','PT2'),
('64432c8e-8cc3-4365-a8f5-e4dc925c42fd','PT3'),
('914d1a66-0ee7-45f6-ab77-19c928c5a426','PT4'),
('01289643-bba0-48d0-b34c-c69b466be7ec','PT5')

INSERT INTO dbo.RentFrequencies values 
('a8228559-11be-4d9a-9544-8241f2ec59c1','RF1'),
('c6f007f8-2d30-49a0-a248-add219f4748d','RF2'),
('64432c8e-8cc3-4365-a8f5-e4dc925c42fd','RF3'),
('914d1a66-0ee7-45f6-ab77-19c928c5a426','RF4'),
('01289643-bba0-48d0-b34c-c69b466be7ec','RF5')

INSERT INTO dbo.Salutions values 
('a8228559-11be-4d9a-9544-8241f2ec59c1','Mr'),
('c6f007f8-2d30-49a0-a248-add219f4748d','Miss'),
('64432c8e-8cc3-4365-a8f5-e4dc925c42fd','Miss'),
('914d1a66-0ee7-45f6-ab77-19c928c5a426','Jr'),
('01289643-bba0-48d0-b34c-c69b466be7ec','Dr')

INSERT INTO dbo.Sections values 
('a8228559-11be-4d9a-9544-8241f2ec59c1','Section 6'),
('c6f007f8-2d30-49a0-a248-add219f4748d','Section 482'),
('64432c8e-8cc3-4365-a8f5-e4dc925c42fd','Section 9'),
('914d1a66-0ee7-45f6-ab77-19c928c5a426','Section 2'),
('01289643-bba0-48d0-b34c-c69b466be7ec','Section 4')

INSERT INTO dbo.TenantTypes values 
('a8228559-11be-4d9a-9544-8241f2ec59c1','Owner'),
('c6f007f8-2d30-49a0-a248-add219f4748d','Lander'),
('64432c8e-8cc3-4365-a8f5-e4dc925c42fd','Oker'),
('914d1a66-0ee7-45f6-ab77-19c928c5a426','Parent'),
('01289643-bba0-48d0-b34c-c69b466be7ec','Typer')

INSERT INTO dbo.TransactionTypes values 
('a8228559-11be-4d9a-9544-8241f2ec59c1','TT1'),
('c6f007f8-2d30-49a0-a248-add219f4748d','TT2'),
('64432c8e-8cc3-4365-a8f5-e4dc925c42fd','TT3'),
('914d1a66-0ee7-45f6-ab77-19c928c5a426','TT4'),
('01289643-bba0-48d0-b34c-c69b466be7ec','TT5')
